variable,coef,se,z,p,odds_ratio,significance
const,5.389818152079692,3.1212923372636996,1.726790562913024,0.0842052839519927,219.16352749832916,
svo,2.4967767983624825,2.5285211416740925,0.9874454902557814,0.32342429288486274,12.143290540424955,
risk,2.640008906584774,2.2068775443835613,1.196264338863531,0.2315934203978659,14.013328418075314,
ambiguity,0.0,,,,1.0,
is_male,0.0,,,,1.0,
age,0.2250408608143825,1.834190501351724,0.12269219617511731,0.9023508437257984,1.2523738881633748,
cnt_approvals,-2.4505707274922757,1.5678563989227114,-1.5630071281885798,0.11805091820937659,0.0862443504286743,
